acender;allumer, (un feu)
apagar;éteindre, (un feu)
apoiar;soutenir, appuyer
sustentar;soutenir, maintenir
concertar, réparar;réparer
conferir;vérifier
cozer;cuire
coser;coudre
gastar;dépenser
grelhar;griller
gozar;se moquer
negar;nier
panela;grande casserole
caçarola, tacho;petite casserole
poupar;économiser
recusar;refuser
ampliação;amplification, aggrandissement
raiz;racine
areia;sable
basta;il suffit de
demorar;prendre du temps
compromisso;engagement
aleijar, magoar, machucar;blesser, se faire mal
ferir;blesser, (avec du sang)
embora;bien que, même si
vamos embora;on y va, allons y
exceção;exception
envolver;impliquer
sofrer;subir, souffrir
rebuçado;bonbon
conta;compte, note, addition
fatura;facture
dívida;dette
deitar;verser
deitar-se;s'allonger, se coucher
sentar-se;s'assoir
queimar;brûler
fungo;champignon, (medical)
cogumelo;champignon, (alimentaire)
pimento;poivron
cebolinha;échalote
descascar;éplucher
pêssego;pêche
damasco,alperce;abricot
proposta;proposition
dano;dommage
atender o cliente;recevoir le client
tornar-se;devenir
pedreiro;maçon
contratar;engager, embaucher
pesadelo;cauchemard
redondezas, arredores;environs, alentours
exceto;sauf, excepté
severamente;sévèrement
nem adianta;ça ne sert à rien
preencher;remplir, combler, compléter
moscar;décamper, filer, se sauver
meio;milieu, moyen, demi
capaz;capable
apertar;serrer
suspirar;soupirer
aço;acier
benevolente;bienveillant
benevolo;bénévole
sagaz;habile, perspicace
enjoado;nauséeux
sozinho;seul
duvidar;douter
viver;vivre
grão-de-bico;pois chiche
dever;devoir
motívo;motif
caixa de correio;boîte aux lettres
regra;règle
miúdo;menu, petit
bloquear;bloquer
descalço;dechaussé, nu-pieds
domínio;domaine
muitas vezes;souvent
carregar;charger, appuyer
dar com a língua nos dentes;raconter un secret
entornar, verter;renverser
espalhar;répandre
ditado;dicton
esconder;cacher
aproveitar;profiter
gordura;graisse
sobrar;rester, être de trop
arrancar;arracher
apanhar;ramasser, cueillir, (par terre)
colher;récolter, cueillir, (sur un arbre), cuillère
barriga, ventre;ventre
diretamente;directement
mesquita;mosquée
preguiça;paresse
égua;jument
vai pentear macacos;tu me casses les pieds
classificação;classement, classification
fábula;fable
lebre;lièvre
desistir;se désister, renoncer, abandonner
semelhante;semblable
de fato;en effet
aprendizagem;apprentissage
desafiador;provocateur
calendário;calendrier
sala de aula;salle de classe
marcar;marquer, étiquetter
preferências;préférences
acrescentar;ajouter
desafio;défi
desenvolvimento;développement
específico;spécifique
dica;astuce
noticiário, telejornal;informations, journal télévisé
apressar;hâter, presser, accélérer
rachadura;fendillement, gerçure
de repente;tout à coup, subitement
desfeito;défait
cancelado;annulé
chávena;tasse, (café, thé)
caneca;tasse, (mug)
despertador;réveil matin
despertar;réveiller
acordar;se réveiller
sabonete;savonette
sabão;savon
apaixonar-se;tomber amoureux
sotão;grenier
alho-francês;poireau
espinha;arrête
sério;sérieux
terreno;terrain
povo;peuple
combinado;combiné, convenu, entendu
ás vezes;parfois
asa;aile
assegurado;assuré, garanti
proveito;profit
arriscar;risquer
quem não arrisca, não petisca;qui ne risque rien, n'a rien
avaliar;évaluer
tal;tel
despedir;dire au revoir
engraçado;plaisant, amusant
tiro;tir, (de fusil)
regar;arroser
matar;tuer
punho;poing
caroço;noyau,(fruit)
gelado;glace
especiaria;épice
entrecosto;entrecôte
feio;laid
travessa;entretoise, barre
meia;chaussette
macio;doux, moelleux
ovelha;brebis
boda;noce, festin
bode;bouc
carneiro;mouton
cabra;chèvre
torradeira;grille-pain
torrar;griller, (le pain, les fruits secs)
fortalecer;fortifier, (un corps, un esprit)
fortificar;fortifier, (un fort, une muraille)
especificamente;spécifiquement
comprimido;comprimé
tocha;flambeau
apelar;demander, appeler, (au vote)
vergonha;honte
repulsa;repulsion, dégoût
cauteloso;précautionneux
fúria;rage, colère, furie
folga;congé
peso;poids
emagrecer;maigrir
feriado;jour férié
doação;donation
através;à travers
adivinhar;deviner
ora;or, (conjoction)
ouro;or, (métal)
perante;devant, en présence
poderoso;puissant
fraca;faible
condenado;condamné
cruzar, atravessar;traverser
herdar;hériter
após;après
obviamente;évidemment
hino;hymne
derramar;couler
coragem;courage
esfera;sphère
escudo;ecu, bouclier
adotar;adopter
chaga;plaie
esquina;coin
dísponivel;disponible
bocadinho;petit morceau, tantinet
supor;supposer
planejar;planifier
legado;héritage
prestes a;prêt à
sequer;au moins
necessidade;nécessité, besoin
padrinho;parrain
agradável;agréable
fato;costume, fait
recuar;reculer
encarnar;s'incarner
adiantar;avancer,(une montre, une tâche)
pegar no sono, adormecer;s'endormir
sono;sommeil, somme
ousar;oser
subestimar;sous-estimer
combate;combat
fraqueza;faiblesse
evoluir;évoluer
fumaça;fumée épaisse
diabo;diable
roteiro;itinéraire
inacreditável;incroyable
adquirir;acquérir
lembranças;souvenirs
absolver;absoudre, acquitter
apegar;attacher
urso;ours
armadilha;piège
fiambre;jambon
barraca, tenda;tente
meta;objectif, but, limite
parceria;partenariat
ameixa;prune
tirar o cavalinho da chuva;laisser tomber
atar;attacher, lier, ficeler
bridar;brider
refogar;faire un ragoût
trinchar;trancher
golpe;coup, (d'etat, de maître)
pioneiro;pionnier
girassol;tournesol
conservação;restauration, conservation
compota;confiture
tecido;tissu
modalidade;modalité
curto;court
pena;peine, plume
atrapalhar;troubler
medalha;medaille
palpite;palpitation
prever;prévoir
camada;couche,(de peinture)
controvérsia;controverse
comum;commun
destacar-se;se détacher, être en évidence
dedicação;dévouement, dévotion
bagunça;bordel, désordre
empilhar;empiler
coletar;collecter
desperdirçar;gâcher
entregar;livrer
cacifo;casier
no entanto;cependant
cacho;grappe
chama;flamme
grelhador;grill
gafanhoto;sauterelle
grilo;grillon
canhoto, esquerdino;gaucher
sanita;cuvette
reforma;retraite, réforme
ecopista;piste cyclable
agradar;plaire
mexer;remuer
anel;bague, anneau
maravilhoso;merveilleux
febre;fièvre
brique;tijolo
ponto;point
soberano;souverain
aldeia;village
amaldiçoado;maudit
terramoto;séisme, tremblement de terre
inteiramente;entièrement
vitela;veau
desfiar;éfiler
palha;paille
taberna;taverne
acolhedor;accueillant
prato caseiro;plat fait maison
estufar;mijoter
pacote;paquet
máscara;masque
sobretudo;surtout
frade;moine
encanto;charme
bater;taper
passear;promener, balader
mano;frérot
duzentos;deux cents
partilhar;partager
aceitar;accepter
milhar;millier
parecido;ressemblant
cerca;près, environ, presque
véspera;veille
mascarar;masquer, déguiser
guloseima;gourmandise, friandise
ocorrer, decorrer;se passer, s'écouler
perseguir;poursuivre
cometer;commettre
lamber;lécher
estrear;étrenner
cobrar;recouvrer
maldoso;malicieux
desconfiar;soupçonner
baque, queda;chutte
chocalho;clochette
eu fui;j'ai été, je suis allé
ele foi;il a été, il est allé
desconto;remise, rabais
sugerir;suggérer
deslocar;deplacer
elétrico;electrique
azulejo;mosaïque
estreito;étroit
descer;descendre
tremoço;lupin
cavala;maquereau
coentro;coriandre
polvo;poulpe
bolacha;galette
nomeadamente;notamment
atento;attentif
sentido;sens
pôr paninhos quentes;calmer le jeu
paninho;napperon ,torchon
falante;parlant à
resvés campo de ourique;de justesse
está a chover a potes;il pleut des cordes
pote;pot
despejar;vider
ficar a ver navios;rester le bec dans l'eau
ter mais olhos que barriga;avoir les yeux plus gros que le ventre
estar feito ao bife;être fait comme un rat
ter dor de cotovelo;être jaloux
cotovelo;coude
ciúme;jalousie
são muitos anos a virar frangos;c'est avoir de la bouteille
humilde;humble
eu peço;je demande
eu fiz;j'ai fait
redor;contour
afetado;affecté
solo;sol
amadurecer;mûrir
rípicola;riverain
perda;perte
falar por alto;mentionner en passant
infelizmente;malheureusement
exército;armée
escorrega;toboggan
escorregar;glisser
eu digo;je dis
ele diz;il dit
socorro;au secours
vir;venir
je viens;eu venho
il vient;ele vem
je suis venu;eu vim
j'ai vu;eu vi
fato de banho;maillot de bain
gota;goutte
rezar;prier
milho;maïs
onda;onde, vague
capela;chapelle
armário;armoire
pomba;colombe, pigeon
nulo;nul
peão;piéton
eles visitaram;ils ont visité
apitar;klaxonner
salsicha;saucisse
assobiar;siffler
devant;diante de, em frente de
aquecer;chauffer, réchauffer
gaveta;tiroir
eu suponho;je suppose
tu supões;tu supposes
multa;amende
nectarina;nectarine
pêssego careca;brugnon
voto;vote
escândalo;scandale
independência;indépendance
igualdade;égalité
prestígio;prestige
partido;parti
votar;voter
transição;transition
estado;état, été
base;base
general;général, (armée)
diplomacia;diplomatie
eleitoral;électoral, électorale
projeto;projet
institucional;institutionnel, institutionnelle
inflação;inflation
aprovação;approbation
estabilidade;stabilité, la stabilité
riqueza;richesse
pobreza;pauvreté
senador;sénateur
lei;loi
solidariedade;solidarité
comunista;communiste
estatal;de l'état, étatique, publique
presidencial;présidentiel
embaixador;ambassadeur
agricultura;agriculture
déficit;déficit
negociação;négociation
aliança;alliance
democrático;démocratique
cooperação;coopération
governador;gouverneur
corrupção;corruption
estratégia;stratégie
diálogo;dialogue
declaração;déclaration
federal;fédéral
prefeitura, câmara;mairie
orçamento;budget
presidência;présidence
candidato;candidat
violência;violence
socialista;socialiste
constituição;constitution
discurso;discours
líder;leader
municipal;municipal, municipale
prefeito, presidente de câmara;maire
oposição;opposition
campanha;campagne, (militaire)
justiça;justice, la justice
democracia;démocratie
ministério;ministère
governo;gouvernement
ministro;ministre
presidente;président
político;politique, homme politique, politicien
guerra;guerre
segurança;sécurité
congresso;Congrès
reza;prière
signo;signe
fantasma;fantôme
reflexão;réflexion
libertação;délivrance, libération
destino;destin
religioso;religieux
catedral;cathédrale
crença;croyance
católico;catholique
graça;grâce, drôle
natal;natal, noël
morte;mort
espírito;esprit
religião;religion
vida;vie
deus;dieu
alma;âme
anjo;ange
fé;foi, la foi
economia;économie
integração;intégration
investimento;investissement
porto;port, porte
rendimento;revenus, rendement, rendements
petróleo;pétrole
rival;rival
crise;crise
econômico;économique
diminuição;diminution
imposto;impôt
concorrência;concurrence
expansão;expansion
tendência;tendance
alugar;louer
salário;salaire
serviço;service
recurso;ressource
loja;magasin, boutique
registro;registre, enregistrement
juro;jure, intérêt
produção;production
administração;administration
pagamento;paiement
encontro;rencontre, trouve, rendez-vous
organização;organisation
ordem;commande, ordre
euro;euro
cartão;carte, (bancaire), carton
fábrica;usine
finança;finance
cliente;client, cliente
custo;coût, côut
anúncio;annonce
quadro;cadre, tableau
produto;produit
consulta;rendez-vous, consultation
financiamento;financement
fortuna;fortune
venda;vente, dépanneur
promoção;promotion, une promotion
indústria;industrie
crédito;crédit, du crédit, de crédit
contrato;contrat, embauche
interesse;intérêt
negócio;négoce, commerce, affaire
preço;prix
oferta;offre, aubaine
comércio;commerce
cachoeira, cascata;cascade, chute d'eau, cascades
nevar;neiger
mar;mer
temporal;tempête
litoral;littoral
rocha;roche
neve;neige
raio;rayon, éclair
eletricidade;électricité, de l'électricité, d'électricité
nuvem;nuage
lago;lac
espaço;espace
osso;os
ambiente;environnement, atmosphère, ambiance
vento;vent
estrela;étoile
planta;plante
floresta;forêt, bois
montanha;montagne
paisagem;paysage
planeta;planète
cérebro;cerveau
gás;gaz
clima;climat
calor;chaleur
pedra;pierre, pierres
madeira;bois
célula;cellule
universo;univers
evolução;évolution
ar;air
espécie;espèce
chuva;pluie, de la pluie
terra;terre, sol
natureza;nature
fogo;feu, au feu
lua;lune
flor;fleur
árvore;arbre
mundo;monde
rio;rivière, fleuve
céu;ciel
sol;soleil
publicidade;publicité
torre;tour, (édifice)
entendimento;compréhension
síntese;synthèse
barulho;bruit, de bruit
agência;agence
interpretação;interprétation
imprimir;imprimer
anotar;noter
rádio;radio
difusão;diffusion
tradução;traduction
conversação;conversation
manchete;manchette
bilhete;ticket, billet, note
convite;invitation
selo;timbre
correio;la poste
postal;carte postale
endereço;adresse
internet;internet
entrevista;entretien, interview
apelo;appel, plaidoyer
cabo;câble
silêncio;silence
frase;phrase
contato;contact
notícia;nouvelle
segredo;secret
comentário;commentaire
comunicado;communiqué
argumento;argument
grito;cri
mensagem;message
imprensa;presse
artigo;article
linguagem;langage
telefonema;coup de fil, coup de téléphone
palavra;parole, mot
física;physique
energia;énergie
matemática;mathématiques, mathématique
estatística;statistique
fenômeno;phénomène
pesquisa;recherche, (scientifique)
prova;preuve
plástico;plastique
futuro;futur, avenir
nave;navire
núcleo;noyau, (atome)
perito;expert
invenção;invention
biologia;biologie
potência;puissance
descoberta;découverte
proporção;proportion
tese;thèse
laboratório;laboratoire
substância;substance
profundidade;profondeur
observação;observation, remarque
equilíbrio;équilibre
limite;limite
cientista;scientifique
hipótese;hypothèse
filosofia;philosophie, philososphie
fórmula;formule
tecnologia;technologie
elemento;élément
superfície;surface
velocidade;vitesse
método;méthode
temperatura;température
volume;volume
análise;analyse
teoria;théorie
matéria;matière
técnico;technicien, technique
ciência;science
conceito;concept
talvez;peut-être
parte;partie, il part
resto;restante, reste
batalha;bataille
causa;cause
ideia;idée
figura;figure
questão;question
relatório, relato;rapport
ataque;attaque
detalhe;détail
força;force
reação;réaction
maneira;manière
razão;raison
desaparecimento;disparition
responsabilidade;responsabilité
função;fonction
condição;condition
fama;réputation, gloire, célébrité
confusão;confusion
letra;lettre, parole, écriture
facilidade;facilité
descrição;description
perfil;profil
ilusão;illusion
vigilância;surveillance
símbolo;symbole
destruição;destruction
revisão;révision
opção;option
conclusão;conclusion
continuidade;continuité
comunicação;communication, communications
quantidade;montant, quantité
oportunidade;opportunité
sabor;goût, saveur
aventura;aventure
variedade;variété
fruto;fruit
produtor;producteur
instalação;installation
dignidade;dignité
transporte;transport
opinião;avis, opinion
atitude;attitude
vantagem;avantage
história;histoire
crítico;critique
virtude;vertu
publicação;publication
exploração;exploration
círculo;cercle
procedimento;procédure
obrigação;obligation
infância;enfance
coleção;collection
excesso;excès
transformação;transformation
homenagem;hommage
esquema;schéma
norma;norme
execução;exécution
manutenção;manutention
concurso;concours
consideração;considération
passo;passe, pas, repasse
dificuldade;difficulté
cantor;chanteur
disco;disque
novela;novela, feuilleton, (télévisé)
cinema;cinéma, ciné
estúdio;studio
fotografar;photographier
vídeo;vidéo
panorama;panorama
piano;piano, du piano
assento;siège
pintar;peindre
filmar;filmer
tambor;tambour, du tambour
exposição;exposition
desenho;je dessine, dessin, il dessine
músico;musicien
violão;guitare
dançar;danser
ator;acteur
arte;arts, art
atriz;actrice
câmera;caméra
álbum;album
dança;danse, fait de la danse
musical;musicale, musical
ópera;opéra, art lyrique
palco;scène, (théatre)
atuação;représentation, performance
concerto;concert
orquestra;orchestre
pintura;peinture
instrumento;instrument
som;le son, son
literatura;littérature
estilo;style
poesia;poésie
ritmo;rythme
moda;mode
medindo;mesurant
lançando;lançant
tentando;essayant
machucando;blessant
cuidando;en train de nous occuper, en train de m'occuper, s'occupant
perdendo;perdant
usando;utilisant
pegando;prenant
parando;arrêtant
olhando;regardant, en train de regarder
entendendo;comprenant
passando;passant
esperando;en train d'attendre, attendant
encontrando;en train de rencontrer, trouvant, en train de trouver
voltando;revenant
gostando, amando;aimant, appréciant
precisando;ayant besoin, en train d'avoir besoin
falando;parlant
dando;donnant
vindo;venu, venant, venue
deixando;laissant
pensando;en train de penser, pensant, à penser
sabendo;sachant, au courant, en sachant
indo;allant
dizendo;disant
fazendo;faisant, en train de faire
querendo;voulant
podendo;pouvant
tendo, havendo;ayant
errando;se trompant, en train de se tromper
conversando;à discuter, à converser, conversant
adorando;adorant
tirando;tirant
lembrando;se souvenant
desculpando;excusant
achando;trouvant
tomando;en train de prendre, prenant
incluindo;incluse, inclut, inclus
acontecendo;arrivant
seguindo;en suivant
pagando;payant
eu vendo;je vends
chovendo;pleuvant
tocando;en train de toucher, touchant
correndo;en train de courir, courant
caminhando;marchant, en train de marcher
comendo;mangeant, en train de manger
dormindo;dormant, en train de dormir
bebendo;buvant
nadando;nageant
escrevendo;écrivant
pele;peau
fumo;je fume, fumée
curativo;pansement
dente;dent
proteção;protection
convênio;mutuelle, accord, assurance
organismo;organisme
postura;posture
espera;attente
vírus;virus
estômago;estomac
voz;voix
garganta;gorge
componente;composant
enjoo;nausées
ombro;épaule
unha;ongle
enfermeiro;infirmier
farmácia;pharmacie
paciente;patiente, patient
músculo;muscle
joelho;genou
dentista;dentiste
costas;dos
tornozelo;cheville
ambulância;ambulance
cuidado;attention, soin
acidente;accident
orelha;oreille
língua;langue, (anatomie)
remédio;médicament, remède, médicaments
circulação;circulation
cabelo;cheveux, cheveu
mão;main
cadáver;cadavre
nariz;nez
clínica;clinique
dose;dose
emergência;urgence
gravidade;gravité
órgão;organe, orgue
diagnóstico;diagnostic
pescoço;cou
sintoma;symptôme
peito;poitrine
dedo;doigt
corpo;corps
ouvido;oreille, entendu
perna;jambe
braço;bras
pressão;pression, une pression
medicina;médecine
rosto;visage
risco;risque
operação;opération
tratamento;traitement
doença;maladie
boca;bouche
sangue;sang
médico;docteur, médecin
saúde;santé
coração;coeur, coeur
preparar;préparer
romper;rompre
eliminar;éliminer
cobrir;couvrir
assumir;prendre en charge, assumer
atender;répondre, (au téléphone)
definir;définir
garantir;garantir
aplicar;appliquer, d'en appliquer
demonstrar;démontrer
analisar;analyser
defender;défendre
recuperar;récupérer
repetir;répéter
abandonar;abandonner
comprovar;prouver
formar;former, fonder
diminuir;diminuer
acreditar;croire
participar;participer
cargo;poste, travail
pausa;pause
avaliação;évaluation
surpresa;surprise
benefício;bénéfice
extensão;extension
fracasso;échec
lugar;lieu, site
índice;index, indice
composição;composition
impacto;impact
definição;définition
cheiro;odeur, je sens
abertura;ouverture
critério;critère
sessão;session
honra;honneur
experiência;expérience, de l'expérience
motivo;je motive, motif
categoria;catégorie
perspectiva;perspective
resistência;résistance
concentração;concentration
contexto;contexte
esforço;effort
margem;marge
sombra;ombre
ele mente;il ment
preocupação;préoccupation
missão;mission
canal;canal, chaîne, (de télévision)
posto;mis, le poste, poste
apresentação;présentation, représentation
continuação;suite
divisão;division
comportamento;comportement., comportement
iniciativa;initiative
erro;erreur, faute
presença;présence
distribuição;distribution
ato;acte, frappe, geste
identidade;identité
edição;édition
união;union
reunião;réunion
tradição;tradition
situação;situation
consequência;conséquence
unidade;unité
versão;version
influência;influence, une influence
beleza;beauté
relação;relation
intenção;intention
tom;ton
gesto;geste
sensação;sensation
descobrir;découvrir
favor;favor
senha;mot de passe
atraso;retard
decisão;décision
corte;cour, coupure, coupe
ajuda;aide, aides
plano;plan, plat
referência;référence
intervenção;intervention
circunstância;circonstance
caso;cas
aplicação;application
pensamento;pensée
perigo;danger
cena;scène
personagem;personnage
altura;hauteur, taille
visão;vision
rede;réseau
assunto;sujet, thème
ocasião;occasion
julgamento;procès, jugement
seleção;choix, sélection
acesso;accès
conteúdo;contenu
sorte;chance, de la chance
criação;création
memória;mémoire
expressão;expression
olhada;coup d'oeil
aspecto;aspect
consciência;conscience
existência;existence
prática;pratique
formação;formation
sucesso;succès
construção;construction, chantier
crescimento;croissance
origem;origine
resultado;résultat
conjunto;ensemble
qualidade;qualité
importância;importance
caráter;caractère
objetivo;objectif
controle;contrôle
capacidade;capacité
efeito;effet
programa;il programme, émission
possibilidade;possibilité
investigação;recherche, enquête, investigation
informação;information, renseignement
paz;paix, la paix
imagem;image
verdade;vérité
ação;action
setor;secteur
movimento;mouvement
obra;oeuvre, ouvrage, travail
mudança;changement, différence, déménagement
tipo;type, genre, sorte
modo, jeito;mode, façon
realidade;réalité
sistema;système
processo;processus
contra;contre
time;équipe
tênis;tennis
convocação;convocation, composition
defesa;défense
pista;piste
luta;lutte
futebol;football
navegação;navigation
lazer;loisir, loisirs
passeio;promenade, balade
partida;départ, match, partie
membro;membre
prêmio;prix, (nobel)
treinador;entraîneur, entraineur, coach
jogo;jeu, je joue
salto;talons, talon, saut
ginásio;gymnase
passatempo;hobby, passe-temps
gol;but, (foot)
competição;compétition
basquete;basket
atleta;athlète
vitória;victoire
final;final, finale
bicicleta;vélo, bicyclette
atividade;activité
esporte;sport
campeonato;championnat
torneio;tournoi
equipe;équipe, personnel
campeão;champion
jogador;joueur
carreira;carrière
exercício;exercice
dependência;dépendance
percepção;perception
intensidade;intensité
beijo;bisou, baiser
o riso;le rire
surpreso;surpris
ódio;haine, la haine
calmo;calme
ansioso;anxieux, impatient
sonho;rêve, songe, je rêve
inveja, vontade;envie
tímido;timide
divertimento;divertissement
confundir;confondre
desejo;je souhaite, désir
certeza;certitude
culpa;faute
falta;faut, absence
sentimento;sentiment
respeito;respect, respecte, du respect
glória;gloire
curiosidade;curiosité
humor;humeur, humour
satisfação;satisfaction
sensibilidade;sensibilité
comemoração;commémoration
emoção;émotion
paixão;passion
medo;peur
dor;douleur
prazer;plaisir
personalidade;personnalité
solidão;solitude
esperança;espérance, espoir
amizade;amitié
tensão;tension
amor;amour
alegria;joie, de la joie
feliz;heureux, heureuse, joyeux
sorriso;sourire
felicidade;bonheur
parada, paragem;arrêt, pause
topo;sommet, en haut
rota, estrada;route
esquerda;gauche
direito;droit
frente;front, avant, devant
fundo;fond, fonds
caminho;chemin, marche, trajet
direção;direction
interior;intérieure, intérieur, province
rumo;but, voie
viagem;voyage
fim;fin
sinal;signal, signe, feu
busca;recherche
orientação;orientation
chegada;arrivée
entrada;entrée
saída;sortie, départ
exterior;extérieur, étranger
princípio;début, principe
lado;côté
direita;droite
metrô;métro
oeste;ouest
barco;bateau
evento;événement, évènement
rodoviária;gare routière
férias;vacances
trem;train
pneu;pneu
turista;touriste
trânsito;trafic, circulation
táxi;taxi
visita;il rend visite à, il visite, tu rends visite à
norte;nord
sul;sud
vista;vue
guia;guide
passaporte;passeport
piloto;pilote
ônibus;bus, autobus
leste;est, l'est
voo;je envole, envole, vole
alemão;allemand
brasileiro;brésilien, Brésilien
palestra, conferência;conférence
instituto;institut
tabela;table, tableau
conselho;conseil
escola;école, collège
introdução;introduction
mestre;maître
disciplina;discipline
redação;rédaction, essai
solução;solution
intercâmbio;échange
geografia;géographie
tema;thème, sujet
conhecimento;connaissance, savoir
faculdade;faculté
discussão;discussion
seção;section
explicação;explication
academia;salle de sport, gymnase, académie
tarefa;tâche
ausência;absence
capítulo;chapitre
grau;degré, grade
inteligência;intelligence
leitura;lecture
curso, aula;cours
problema;problème
estudo;étude, j'étudie
nível;niveau
exemplo;exemple
título;titre
educação;éducation, education
lápis;crayon
lição;leçon
idioma;langue
teste;test, examen
parágrafo;paragraphe
semestre;semestre
caneta;stylo
exame;examen
série;série, année, (scolaire)
ensaio;essai, répétition
diploma;diplôme
dicionário;dictionnaire
italiano;Italien, italien
americano;américain
estadunidense;états-unien, états-unienne
nação;nation
cubano;cubain
britânico;britannique
pátria;patrie
europeu;européen
norte-americano;nord-américain
chinês;chinois
mexicano;mexicain
argentino;argentin
francês;français, Français
espanhol;espagnol
úmido;humide
útil;utile
ensolarado;ensoleillé
semanal;hebdomadaire
morno;tiède, tièdement
raro;rare
legal;chouette, gentil, super
aberto;ouvert
especial;spécial, spéciale
estranho;étranger, étrange
barulhento;bruyantes, bruyant
moderno;moderne
pesado;lourd
mensal;mensuel
interessante;intéressant, intéressante
quente;chaud, chaude
baixo;bas, petit
internacional;international, internationale
tranquilo;tranquille
grave;grave
livre;libre
cheio;plein, rempli
ótimo;super, excellent
igual;égal
gratuito;gratuit
perfeito;parfait
privado;privé
básico;de base
ético;éthique
rural;rural
formal;formel, formelle
nojento;dégoûtant
feminino;féminin, féminine
imediato;immédiat
vivo;vivant, vis
negativo;négatif
nervoso;vénère, nerveux
revolucionário;révolutionnaire
mínimo;minimum, auriculaire, (doigt)
vital;vital, vitale
radical;radical, radicale
urbano;urbain
positivo;positif, de positif, positive
particular;particulière, particulier, privée
chato, aborrecido;ennuyeux
antigo;vieux, ancien
clássico;classique
liberal;libéral, libérale
puro;pure, pur
doce;douce, doux, sucrée
fundamental;fondamental, fondamentale
infantil;puéril, puérile, infantile
fechado;fermé, fermée
profundo;profonde, profond
comercial;commercial, commerciale
superior;supérieur, supérieure
triste;triste
médio;moyen, majeur, (doigt)
lógico;logique
ideal;idéal, idéale
direto;direct, directement, droit
original;original, originale
global;global, globale, mondiale
universal;universel, universelle
máximo;maximum
intelectual;intellectuel, intellectuelle
independente;indépendante, indépendant
cujo;dont, dont le
alguém;quelqu'un
ninguém;personne n', personne, personne ne
algo;quelque chose.
mim;moi
conosco;avec nous
tudo;tout
ambos;Les deux, (Tous)
comigo;avec moi, moi
si;soi
ti;toi, te
contigo;avec toi
controlar;contrôler
adorar;adorer
tirar;tirer, retirer
vai haver;il va y avoir
desenvolver;développer
nascer;naître
atrás;derrière, arrière
chove;pleut, il pleut
aguentar;subir, supporter
fritar;frire
cozinhar;cuisiner
descrever;décrire
lavar;laver
telefonar;téléphoner
descansar;se reposer
atuar;agir
odiar;haïr
levantar;lever
chamar;appeler
iniciar;démarrer, commencer, initier
poder;pouvoir, du pouvoir
anunciar;annoncer
aumentar;augmenter
cortar;couper
reconhecer;reconnaître
continuar;continuer, continuerai
salvar;sauver
pedir;demander, mendier
resolver;résoudre
considerar;considérer
tratar;traiter, s'occuper
receber;recevoir
conseguir;réussir, atteindre
obter;obtenir
criar;créer
realizar;réaliser
pôr;mettre, poser, coucher, (soleil)
sair;sortir
evitar;éviter, éviter de
pesar;peser
nenhum;aucun, pas de
qualquer;n'importe quel, quelconque, n'importe quelle
todo;toute, entière, tout
dobro;double
algum;l'un de, quelque, quelconque
metade;moitié
par;pair, (nombre), une paire, pair
oitavo;huitième
nono;neuvième
número;nombre, numéro
maioria;majorité
sétimo;septième
sexto;sixième
terceiro;troisième
zero;zéro, nulle
mil;mille
milhão;million
setenta;soixante-dix
oitenta;quatre-vingts
noventa;quatre-vingt-dix
sessenta;soixante
quarenta;quarante
cinquenta;cinquante, 50
cem;cent
vinte;vingt
dezessete;dix-sept
dezoito;dix-huit
dezenove;dix-neuf
quinze;quinze
trinta;trente
dezesseis;seize
oito;huit
treze;treize
doze;douze
quatorze;quatorze
onze;onze, onze heures
dez;dix
nove;neuf
cinco;cinq, à dix-sept heures
seis;six
quatro;quatre
três;trois
sete;sept
dois;deux
namorada;petite amie, blonde, copine
rainha;reine
casamento;mariage
civil;civil, civile
liberdade;liberté, la liberté
sociedade;société
grupo;groupe, ensemble
namorado;petit ami, chum, copain
idade;âge
próximo;prochain, prochaine, près
gênero;genre
multidão;foule
criança;enfant
adulto;adulte
testemunha;témoin
sujeito;type, (personne)
sócio;associé
garoto;garçon, (familier)
delegação;délégation
costume;habitude, coutume
preso;détenu, prisonnier
sindicato;syndicat
humanidade;humanité
secretaria;secrétariat
rapaz;jeune homme, garçon, mec
turismo;tourisme
inimigo;ennemi
greve;frappe, grève
assembleia;assemblée
vítima;victime
indivíduo;individu
fundação;fondation
casal;couple
audiência;audience
cultura;culture
colega;collègue
cidadão;citoyen
vizinho;voisin
revolução;révolution
associação;association
senhor;monsieur
noivo;fiancé
população;population
pessoa;personne
gente;gens, monde
comissão;commission
amigo;copain, ami, amie
eles estão;ils sont, (temporairement)
ele está;il est, (temporairement)
eu estou;je suis, (temporairement)
tù estás;tu es, (temporairement)
nos estamos;nous sommes, (temporairement)
celular;portable, téléphone portable
licença;licence
prenda, presente;cadeau, présent
guarda-chuva;parapluie
pilha;pile, batterie
tela;toile, tissu
folha;feuille
pedaço;morceau, part, bout
escova;brosse
teclado;clavier
diário;journalier
ventilador;ventilateur
envelope;enveloppe
pente;peigne
arma;arme
fotografia;photographie, photo, la photographie
caixa;boîte, caisse, banque
roda;roue, roule
diferença;différence
automóvel;automobile
nota;remarque, billet, note, (substantivo)
máquina;machine
coluna;colonne
bandeira;drapeau
moeda;monnaie, pièce de monnaie
peça;pièce, morceau
motor;moteur
marco;borne, étape, jalon
código;code
banda;groupe, (de musique), ensemble, (musical)
foto;photo
ponta;bout, pointe
aparelho;appareil
veículo;véhicule
álcool;alcool, de l'alcool
documento;document
filme;film
página;page
revista;magazine, revue
corrente;courant, chaîne
às;aux, les, envers
cima;dessus
aos;aux
cara;gars, visage, keum, (verlan)
dólar;dollar, piasse
objeto;objet
cabeça;tête
coisa;truc, chose, patente, (québécois)
moto;moto
papel;papier, rôle, du papier
avião;avion
mala;valise
olho;je regarde, oeil, oeil
pé;pied
computador;ordinateur
mapa;carte, plan
dinheiro;argent, liquide, fric
carro;voiture, char
bola;ballon, balle
centro;centre
campo;campagne, champ, camp
clube;club
galeria;galerie
estádio;stade
livraria;librairie
ponte;pont
quadrado;carré
local;local, locale, lieu
supermercado;supermarché
capital;capitale, capital, chef-lieu
distância;distance
monte, serra;mont
biblioteca;bibliothèque
padaria;boulangerie
pátio;cour
município;municipalité
bar;bar
fronteira;frontière
continente;continent
distrito;district
avenida;avenue
colégio;collège
residência;résidence
localidade;localité, emplacement
parque;parc
prisão;prison
lar;foyer, maison
território;territoire
edifício;édifice, bâtiment, immeuble
palácio;palais
museu;musée
ilha;île
bairro;quartier
tribunal;tribunal
departamento;département
instituição;institution
propriedade;propriété
área;aire
hospital;hôpital
região;région
universidade;université
sala;salon, salle
praça;place
banco;banque
teatro;théâtre
castelo;château
país;pays
mercado;marché
cidade;ville, commune
empresa;entreprise
zona;zone
igreja;église, l'église
jardim;jardin
praia;plage
aeroporto;aéroport
rua;rue
hotel;hôtel
restaurante;restaurant
normalmente;normalement
ainda;encore, toujours, autant
acima;au-dessus, dessus
logo;ensuite, bientôt, donc
também;aussi, gêné
então;donc, alors
assim;ainsi, tel, comme ça
simplesmente;simplement
bastante;beaucoup, assez, (suffisance)
realmente;vraiment, réellement
provavelmente;probablement
fora;dehors
agora;maintenant
recentemente;récemment
principalmente;principalement
perto;près
nunca;jamais
felizmente;heureusement
imediatamente;immédiatement, tout de suite
quase;à peu près, presque, quasiment
menos;moins
dentro;à l'intérieur, dedans, dans
igualmente;également, pareillement
mais;plus, plutôt, davantage
exatamente;exactement
finalmente;enfin, finalement
facilmente;facilement
longe;loin
definitivamente;définitivement, certainement, vraiment
completamente;tout à fait, absolument, complètement
sempre;toujours
novamente;de nouveau
antes;avant, plutôt
já;déjà
aqui, cá;ici, ci
só;juste, ne ... que, seul
grátis;gratuitement, gratuit, gratuite
depois;après, ensuite, puis
devagar;lentement
além;au-delà, là-bas
demais;trop
tão;si, tellement
enquanto;pendant que, alors que, instant
atualmente;actuellement
geralmente;généralement, en général
praticamente;pratiquement
mal;mal, à peine
absolutamente;absolument
embaixo;sous, au-dessous, en
especialmente;spécialement
cedo;tôt
somente, apenas, só;seulement, juste, seules
tanto;tant, tellement, autant
ali, là, aí;là
cuidar;soigner, s'occuper
observar;regarder, observer
montar, subir;monter
treinar;entraîner
lançar;lancer
existir;exister
beijar;embrasser
encher;remplir, casser les pieds
melhorar;améliorer
gritar;crier
visitar;visiter
rir;rire
julgar;juger
guardar;garder
chorar;pleurer
estudar;étudier
ensinar;enseignent
crescer;pousser, grandir
oferecer;offrir
concordar;être d'accord, se mettre d'accord
morar;vivre, habiter
atingir, alcançar;atteindre
responder;répondre
explicar;expliquer
convidar;inviter
há;il y a
escutar;écouter
aprender;apprendre
enviar, mandar;envoyer
escolher;choisir
fechar;fermer
servir;servir
entrar;entrer
procurar;chercher, rechercher
contar;raconter, conter, compter
acabar, terminar;finir, terminer, se terminer
começar;commencer
parecer;ressembles, paraître
apresentar;présenter
provar;goûter
levar;conduire, porter, emmener
sonhar;rêver
produzir;produire
aparecer;apparaître, arriver
fácil;facile
fino;fin, fine
rápido;vite, rapide, rapidement
pouco;peu
estrangeiro;étranger
sujo;sale
difícil;difficile, dure, dur
excelente;excellent, excellente, écoeurant
vazio;vide
famoso;célèbre, fameux, connu
seco;sec, sèche
caro;chère, cher
certo;certain, assuré
perigoso;dangereux
querido;cher, chéri
frio;froid, froide
incrível;génial, incroyable
barato;bon marché, pas cher, économique
confortável;confortable
a calma;le calme
último;dernier, dernière
recente;récent, récente
rico;riche
preciso;nécessaire, je dois, il faut
regional;régional, régionale
muito;beaucoup, (quantité)
responsável;responsable, responsable de, responsable du
definitivo;définitif
histórico;historique
mau;mauvaise, mauvais, méchant
franco;franc
pobre;pauvre
natural;naturel, naturelle
simples;simples, simple
nacional;national, nationale
familiar, coloquial;familier, familière, familiale
impossível;impossible
pior;pire
industrial;industrielle, industriel
único;seule, unique, seul
principal;principal, principale
seguro;sûr, sûre
cultural;culturel, culturelle
humano;humain
suficiente;assez, suffisante, suffisant
forte;fort, forte
militar;militaire
público;public
menor;plus petite, plus petit, moins grand
mundial;mondial, mondiale, du monde
duro;dur, difficile
popular;populaire
pessoal;personnel, personnelle
real;vrais, réel, royale
diferente;différente, différent, diférent
verdadeiro;véritable, vrai, réel
novo;jeune, nouveau, neuf
possível;possible
melhor;mieux, meilleur, meilleure
importante;important, importante
velho;vieux, vieil
maior;âgée, large, plus grand
doente;malade
bonito;jolis, beaux, bel
primeiro;premier, tout d'abord, premièrement
jovem;jeune
total;totale, total
metro;mètre, métro
quilo;kilos, kilo
litro;litre
quilômetro;kilomètre
centímetro;centimètre
grama;herbe, gramme, pelouse
trimestre;trimestre
lote;lot, parcelle
óleo;huile
lençol;drap
estrutura;structure
barbeador;rasoir
fonte;puits, source, fontaine
muro;mur, muraille
xampu;shampoing, shampooing
chuveiro;douche
escada;escalier
brinquedo;jouet
toalha;serviette
ferramenta;outil, util
tomada;prise
luz;lumière
quarto;quart, chambre, quatrième
aquecimento;chauffage, réchauffement
travesseiro;oreiller, traversin
casa;maison
lâmpada;lampe, ampoule
móvel;meuble
limpar;nettoyer
sofá;canapé
portão;portail
geladeira;frigo, réfrigérateur
cortina;rideau
tapete;tapis
limpo;pure, propre, je nettoie
banheiro;toilettes, salle de bain
banho;bain, baignoire, douche
apartamento;appartement
cobertor;couverture
chão;sol, par terre
parede;mur, paroie
forno;four
porta;porte
teto;plafond
escritório;bureau
berço;berceau
lustre;lustre
espelho;miroir
televisão;télévision, la télévision, télé
janela;fenêtre
telefone;téléphones, téléphone
mesa;table
cadeira;chaise
cama;lit
policial;policier
carteiro;facteur
profissional;professionnelle, professionnel
ocupação;occupation, métier
oficial;officiel, officielle, officier
trabalhador;travailleur
especialidade;spécialité
carpinteiro;menuisier, charpentier
motorista;chauffeur, conducteur
arquiteto;architecte
fazendeiro;fermier
químico;chimiste
pescador;pêcheur
gerente;gérant
engenheiro;ingénieur
emprego;emploi, boulot
especialista;spécialiste
trabalho;travaille, travail, métier
conselheiro;conseiller, (personne)
profissão;profession, métier
espectador;spectateur
bispo;évêque
pesquisador;chercheur
agente;agent, agente
comandante;commandant
dono;propriétaire, maître
pintor;peintre, paintre
príncipe;prince
usuário;utilisateur
leitor;lecteur
jornalista;journaliste
artista;artiste
coronel;colonel
dirigente;dirigeant
conde;comte
capitão;capitaine
escritor;écrivain
porta-voz;porte-parole
advogado;avocat, (métier)
empresário;entrepreneur, homme d'affaires
professor;professeur, enseignante, enseignant
representante;représentant, représentante
aluno;élève
guarda;policier, garde
promotor;procureur
secretário;secrétaire
modelo;mannequin, modèle, top model
juiz;juge
autor;auteur
autoridade;autorité
maestro;chef d'orchestre, maestro
chefe;chef, patron
diretor;directeur
polícia;police
estudante;étudiant, étudiante
rei;roi
doutor;docteur, (en lettres, droit...)
tamanho;dimension, taille, pointure
enorme;énorme
mesmo;même
largo;large
justo;juste
longo, comprido;long
grande;grande, grand, grosse
alto;haut, grand, élevé
pequeno;petit, petite
amplo;ample, grand
medida;mesure
sobrenome;nom, nom de famille
nome;prénom
comunidade;communauté
sobrinho;neveu
avô;grand-père
marido;mari, époux
primo;cousin
mamãe;maman
bebê;bébé
neto;petit-fils
papai;papa
pai;père
família;famille
irmão;frère
tio;oncle
filho;enfant, fils
esposo;époux, mari
mãe;mère, maman
quinta;ferme
data;date
feira;foire, fête foraine
manhã;matin
aniversário;anniversaire
festival;festival
estação;gare, (de train), saison, station
juventude;jeunesse
ciclo;cycle
nascimento;naissance
duração;durée, une durée
segundo;selon, deuxième, second
madrugada;lever du jour, petit matin, aurore
festa;fête, soirée
etapa;étape
instante;instant
período;période
década;décennie
fase;phase
geração;génération
tempo;temps, du temps, mi-temps
primavera;printemps, le printemps
inverno;hiver
minuto;minute, minuit
época;saison, époque, période
século;siècle
outubro;octobre
verão;été, verrez
dezembro;décembre
setembro;septembre
novembro;novembre
outono;automne
agosto;août
fevereiro;février
abril;avril
junho;juin
maio;mai
janeiro;janvier
março;mars
julho;juillet
mês;mois
semana;semaine
temporada;saison
prazo;délai, date limite
momento;moment
vez;fois, tour
hora;heure
sexta-feira;vendredi
sábado;samedi
domingo;dimanche
quinta-feira;jeudi
ano;an, année
hoje;aujourd'hui
ontem;hier
amanhã;demain
quarta-feira;mercredi
terça-feira;mardi
segunda-feira;lundi
por;à, par, pour
em;en, à, sur
desde;depuis
até;jusque, à, jusqu'à
pelos;pour les, poils, les
para;pour, pour la, il arrête
sem;sans
sobre;sur, sous
durante;durant, pendant
apesar;malgré
mas;mais
ou;ou
daí;donc, d'où
lilás;lilas
bege;beige
bronze;bronze
salmão;saumon
turquesa;turquoise
cinza;cendre
marrom, castanho;marron
violeta;violette
colorido;coloré
preto;noir, noire
roxo;violet
rosa;rose, roses
moreno;brun
branco;blanc, blanche
azul;bleu
amarelo;jaune, le jaune
verde;verte, vert
vermelho;rouge
negro;noir, obscur
cor;couleur
eu tenho;je dois, j'ai
cair;tomber
medir;mesurer
vender;vendre
decidir;décider
comprar;acheter
dormir;dormir
escrever;écrire
correr;courir
ler;lire
partir;partir
esquecer;oublier
mostrar;montrer, indiquer
manter;maintenir, garder, conserver
perguntar;demander, questionner
pagar;paie, payer, paye
ganhar;gagner
mudar;changer
trazer;porter, apporter, amener
colocar;mettre, poser, placer
andar, piso;étage, marcher
desculpar;excuser
seguir;suivre, continuer
abrir;ouvrir
amar;aimer
pegar;attrape, pécho, prendre
perder;perdre, rater
usar;utiliser, utilisent, porter, (un vêtement)
trabalhar;travailler, bosser
ajudar;aider
caminhar;marcher
entender;comprendre
sentir;sentir, sente
olhar;regarder, regard
chegar;arriver, suffire, se rendre
encontrar;trouver, rencontrer
tentar;essayer, essayer de, tenter
parar;arrêter
voltar;revenir, rentrer, retourner
pensar;penser, réfléchir
gostar;kiff, aimer
deixar;quitter, laisser
esperar;espérer, attendre
passar;passer
precisar;avoir besoin
falar;parler
ficar;rester
conhecer;connaître
dizer;disons, dire
dar;donner, suffire
lembrar;me souvenir de, rappeler, se souvenir de
tomar;prendre
errar;se tromper, faire une erreur
conversar;parler, discuter, converser
tocar;appuyer, sonner, toucher
ver;voir
ouvir;entendre
achar;trouver, penser
acontecer;arriver, avoir lieu, se passer
quem;qui
quando;quand, lorsque, lorsqu'
quê;quoi, quel
onde;où, (lieu)
aonde;où, (direction)
pergunta;question, il demande, demande
quanto;combien, que, autant
resposta;réponse
qual;quel, lequel, laquelle
carteira;portefeuille, porte-monnaie
relógio;montre, horloge
jeans;jeans, jean, des jeans
traje;costume
casaco;manteau
bolso;poche
sandália;sandale
agasalho;chandail, pull
vestir;porter, habiller
capa;cape
luva;gant
fantasia;déguisement, costume
bota;botte
cinto;ceinture
blusa;chemisier, blouse
bolsa;sac, bourse, sac à main
camisa;chemise, chemisier
sapato;chaussure, soulier
vestido;porté, robe, portée
chapéu;chapeau
saia;sors, jupe, sortez
roupa;vêtement, linge, vêtements
tù escreves;tu écris
tù és;tu es
tù comes;tu manges
tù bebes;tu bois
tù lês;tu lis
tù tens;tu as
vegetal;végétal, légume
vegetariano;végétarien
tomate;tomate
alimento;aliment
azeite;huile d'olive
vinho;vin, du vin, le vin
menu;menu
bife;steak
azedo;aigre
morango;fraise
chá;thé
açúcar;sucre, du sucre
salada;salade, de la salade
lanche;goûter, casse-croûte
sopa;soupe, de la soupe
receita;recette
sal;sel, du sel
arroz;riz
sanduíche;sandwich
prato;assiette, assiettes, plat
pimenta;poivre
laranja;orange
cebola;oignon
batata;pomme de terre, patate
massa;pâte, des pâtes, les pâtes
limonada;citronnade, de la citronnade
refeição;repas
limão;citron
cozinha;cuisine
comida;nourriture
faca;couteau
carne;viande
cobra;serpent
leão;lion
lobo;loup
tigre;tigre
rato;souris
tartaruga;tortue
aranha;araignée
inseto;insecte
macaco;singe
elefante;éléphant
tubarão;requin
mosca;mouche
pato;canard
boi;boeuf
vaca;vache
cachorro;chiot
cão;chien
gato;chat
borboleta;papillon
abelha;abeille
cavalo;cheval
porco;porc, du porc, cochon
pássaro;oiseau
animal;animal
formiga;fourmi
bananas;bananes
insetos;insectes, des insectes
moscas;mouches, les mouches
vinhos;vins, des vins
batatas;des pommes de terre, pommes de terre
boas;bonnes, bon, de bonnes
palavras;mots, paroles, des mots
bons;bons, de bons
livros;des livres, livres
frito;frit
suco;jus
fruta;des fruits, fruit, fruits
copo;verre
fome;faim
uva;raisin
ovo;oeuf
jantar;dîner
garfo;fourchette
bebida;boisson, boivent, breuvage
peixe;poisson
regime;régime
chocolate;chocolat, du chocolat
ele tem;il a, contient, il y a
café;café, du café
biscoito;biscuit
frango;poulet
lata;boîte, canette, boîte de conserve
nos comemos;nous mangeons, nous avons mangé
eles comem;vous mangez, ils mangent
eu cozinho;je cuisine
ferve;bout, bouillonne
português;portugais
ele fala;il parle
eu falo;je parle
desculpe;pardon, désolé, excuse
inglês;anglais
olá;allô, salut
parabéns;félicitations
prazer em conhecer;enchanté, enchantée
bom;bon, bonne, gentil
abacaxi;ananas
eu leio;je lis
nos falamos;nous parlons, nous avons parlé
nos escrevemos;nous écrivons
jornal;journal
ele lê;il lit
eles escrevem;ils écrivent
ele escreve;il écrit
eu escrevo;j'écris
maçã;pomme
tu dizes;tu dis
sertão;campagne, (lieu)
engrossar;épaissir
quinhentos;cinq cents
clara;blanc d'oeuf
bater as claras en neve, bater as claras en castelo;battre les oeufs en neige
amora;mûre, (fruit)
emprestar;prêter
couve;choux
presunto;jambon cru, jambon fumé
eu venho;je viens
assalto;cambriolage
ladrão, assaltante;cambrioleur
padrasto;beau-père
madrasta, sogra;belle-mère
patrão;patron
calcanhar;talon
ele veio;il est venu
inscrever;inscrire
corredor;couloir
entalhar;entailler
aprimoramento;amélioration, perfectionnisme
tesouro;trésor
brocar, furar;percer, (perceuse)
broca;perceuse
afetar;affecter
velhote;vieillot
loucura;folie
canhão;canon
gordo;gras, gros
magro;écrémé, (lait), maigre
frigideira, sertã;poêle
casca;coquille, (noix, oeuf), épluchure
talento;talent
obscuridade;obscurité
cinzento;gris
pastelaria;pâtisserie
robinet;torneira
choupo;peuplier
plátano;platane
taça;coupe, (tournoi, de champagne)
até logo;à tout à l'heure
até breve;à bientôt
varanda, balcão;balcon
estar farto de;avoir assez de
fartura;abondance
lenda;légende
mito;mythe
acovar;enfouir
encarar;dévisager
socar;donner un coup de poing
estritamente;strictement
extremamente;extrêmement
pisar;fouler
seres humanos;êtres humains
boné;casquette
que eu faça;que je fasse
tampa;couvercle
robalo;bar, (poisson)
pregado;turbot
carapau;chinchard
posta;tranche, (poisson, viande)
trator;tracteur
buraco;trou
grávida;enceinte, (femme)
coçar;gratter, (avec les ongles)
fornecer;fournir
pedido;demande
telhado;toit
député;deputado
parlement;parlamento
lamentável;lamentable
quantia;somme, montant
relutante;résistant
espadachim;spadassin
matança;tuerie
desenfreado;effréné
ansiar;attendre avec impatience
vastidão;ampleur
trás;arrière
ativador;activateur
cercado;entouré
muralha;muraille
espessura;épaisseur
derrubar;abattre, démolir, renverser, (un gouvernement)
escala;échelle
arrombamento;effraction
iogurte;yaourt
coxa;cuisse
pintainho;poussin
galo;coq
calças;pantalon
cuecas;culotte, calcinha
asneira;bêtise, gaffe
castigar;punir
geral;général
garra;griffe
afiada;aiguisé
trigésimo;trentième
mero;pur, simple, (hasard)
amostra;échantillon
agulha;aiguille
dado;donnée, dé
chichi;pipi
leitão;porcelet
surdo;sourd
faísca;étincelle
trocar;échanger
nabo;navet
esponja;éponge
ele vê;il voit
pronuncia, sotaque;accent, (portugais)
quem não vê caras, não vê corações;les apparences sont trompeuses
mijar;pisser
baboseira;sottise
despreocupado;insouciant
abanar;agiter
que eu perca;que je perde
eu perco;je perds
foco;foyer, centre, (figuratif)
inimaginável;inimaginable
eficácia;efficacité
enfatizar;accentuer
incontável;incomptable
transtorno;dérangement
de acordo;d'accord
vela;bougie
maremoto;raz-de-marée
arrasar;raser, (un bâtiment)
figo;figue
trigo;blé
cabrito;chevreau, cabri
bastar;suffire
fugir;fuir, s'enfuir
incêndio;incendie
apaziguar;apaiser
ira;colère, courroux
liderança;commandement
praxe;bizutage
caloiro;bizut
batina;soutane
gravata;cravate
agarrar;attraper
arco-íris;arc-en-ciel
chuviscar;bruiner
aliás;autrement
brilhar;briller
cadeia;chaîne, prison
traição;trahison
mocidade;jeunesse, jeune temps
eis;voici
superar;surmonter, surpasser
opor;opposer
laço;noeud
passadeira;passage piéton
talho;boucherie
pastilha;pastille
pastilha elástica;chewing-gum
estendal;étendoir
atacador;lacet
ecrã;écran
montra;vitrine
torniquete;tourniquet
esferovite;polystyrène
façanha;prouesse, exploit
desconhecido;inconnu
corajoso;courageux
altura de natal;periode de nöel
eslavo;slave
pagão;païen
manjedoura;mangeoire
enfeitar;embellir
presépio;crèche
pastor;berger
seita;secte
brotar;pousser, germer, bourgeonner
decifrar;déchiffrer
ensáista;essayiste
retratar;portraiturer
desígnio;dessein
coroa;couronne
fidalgo;noble
império;empire
miscigenação;métissage
quatrocentos;quatre cents
índico;indien
próspero;prospère
acessível;accessible
faça chuva ou faça sol;quoi qu'il arrive
ambicioso;ambitieux
alargar;élargir
recheado;bondé, garni
desejar;désirer
comprimento;longueur
risca;raie
nuca;nuque
alisar;lisser
encaracolado;bouclé, crépu
queixo;machoire
escadeado;degradé, (cheveux)
franja;frange
testa;front, (visage)
madeixa;mèche
fio;fil, ficelle
cabeleireiro;coiffeur
ele opôs;il a opposé
imediação;proximité
embate;choc
retirada;retraite, (bataille)
porém;pourtant
estandarte;étendard
desencadear;déclencher
assinalar;signaler
vogal;voyelle
vomitar;vomir
por tanto;par conséquent
pois;car
consoante;consonne
molhado;mouillé, trempé
alguidar;bassin, (endroit)
armar;armer
gabar-se;se vanter
queixar-se;se plaindre
ignição;allumage
mola;ressort, pince à linge
raspaço;engueulade
suplente;suppléant
sobresselente;piece de rechange
vicioso;addictif
esfriar;refroidir
tónico;tonique, stimulant
voar;voler
elo;maillon
ligação;liaison
roer;ronger
rolha;bouchon
redondo;rond
raivoso;enragé
remandar;racommoder, rapiécer
arranhar;égratigner, griffer
fingir;feindre, faire semblant
pardal;moineau
pardo;grisâtre
palavrão;gros mot, juron
penúltimo;avant-dernier
festejar;fêter, célébrer
balde;sceau
biombo;paravent
leal;loyal
antebraços;avant bras
anca;hanche
pulso;poignet
agachamento;accroupissement
prancha;planche
colocar de gatas;se mettre à quatre pattes
bacia;bassin, (récipient)
esticado;tendu
flexão de braço;pompe, (musculation)
dobrar;doubler, plier, fléchir
ligeiramente;légèrement
contrair;contracter
glúteo;fessier
alongamento;allongement
puxar;tirer
fletir;fléchir
avarento;avare
esmola;aumône
soar;sonner
encolher;rétrécir
abóbora;citrouille
abotoar;boutonner
colete;gilet
chocar, (ovos);couver
moleque;gamin
recatar;protéger, préserver
quebrar;casser
vislumbre;lueur
fadar;destiner
soberbo;superbe
caçar;chasser
soco;coup de poing
padrão;modèle, norme
maluco, doido;fou
perca;perche
mesada;argent de poche
permanecer;demeurer
firme;ferme, solide
azarento;malchanceux
alvoroço;agitation
possuir;posséder
gravação;enregistrement
calar;taire
destreza;dextérité
culpar;accuser
quieto;tranquille, paisible
prender;saisir
estragar;abîmer
alvo;cible
giro;mignon
bochecha;joue
chicote;fouet
chicotear;fouetter
cócegas;chatouillement
maneta;manchot
linha;ligne
camisola;pull over
pia;evier
tabuada;table de multiplication
espancar;rouer de coups
abalar;ébranler
piscar;cligner
arranjar;arranger
pregar;prêcher
mentira;mensonge
desmentir;démentir
despreocupação;insouciance
ressurreição;résurrection
ceia;souper
coelho;lapin
jejum;jeûne
iguaria;met, (culinaire)
lavrador;laboureur
safar;dégager, débarrasser
bulha;dispute, querelle
afilhado;filleul
belo;bel
orgulhoso;orgueilleux
eles deram;ils ont donné
tripulação;équipage
prémio;prix, récompense
caderninho;carnet
quinto;cinquième
andor;brancard
despachar-se;se dépêcher
beira, bordo;bord
treino;entraînement
aloquete, cadeado;cadenas
arame;fil de fer
cruzeta;cintre
cabide;portemanteau
sítio;site
riscar;rayer
saquinho;petit sac
escachar;fendre
amolar;aiguiser
acaso;hasard
mármore;marbre
marfim;ivoire
talco;talc
demitir;démissionner
certidão;certificat
légua;lieue, (marine)
escorar-se;s'appuyer
cego;aveugle
sumir-se;s'etteindre, s'effacer
somar;additionner
teimosia;entêtement, obstination
descontentes;mécontent
eu proprio;moi-même
tossir;tousser
fartar-se;se rassasier, se gaver
taxa;taxe, taux
falecer;décéder
espingarda;fusil
custar;coûter
assinalável;remarquable
cantinho;recoin
turma;classe, groupe, troupe
gorjeta;pourboire
ruim;mauvais
desonesto;malhonnête
escrúpulo;scrupule
vivência;mode de vie
se calhar;il se peut
porrada;correction, volée de coups
barata;cafard
torrada;toast
bicho;ver
idoso;âgé
engasgar;étouffer, suffoquer
amargo;amer
espirrar;éternuer
chupar;sucer
vingança;vengeance
fita-cola;scotch
alcunha;sobriquet
fêmea;femelle
ratazana;campagnol
piada;blague
rebentar;éclater, crever
gajo;gars
calão;argo, jargon
impor;imposer
oposto;opposé
fixe;chouette, sympa
óbvio;evident
engano;erreur, méprise
arca;coffre, arche
sacar;retirer, extraire
percurso;parcours
mandarim;mandarin
despachar;dépêcher, expédier
aconselhar;conseiller, (action)
principiante;débutant
desabafar;se confier
servo;serviteur
pião;toupie
desanimar;décourager
sumir;disparaître
molenga;flemmard
sede;soif
comichão;démangeaison
ir ter a, vir ter a;aller à, aboutir
ir ter com, vir ter com;aller trouver
caracol;escargot
despesa;depense
arregaçar as mangas;retrousser les manches
troco;rendu, (monnaie)
posse;possession
enxugar;essuyer
escorrer;égoutter
pano;chiffon, torchon
talher;couvert
aprimorar;perfectionner
desperdício;déperdition
eu pus;j'ai mis
escravo;esclave
espontâneo;spontané
escassez;disette
encaixar;emboîter, adapter
desvantajoso;desavantageux
sobrelotar;surcharger
empenhar;engager, mettre en gage
obrigar;obliger
descontar;décompter
crente;croyant
propor;proposer
amêndoa;amande, (graine)
amendoim;cacahuète
fera;bête
seio;sein
alistar-se;s'enrôler
azar;malheur
frota;flotte
gruta;grotte
regresso;retour
naufragar;faire naufrage
resgatar;racheter
nau;vaisseau
oxála;pourvu que
de arromba;fantastique
conterrâneo;compatriote
espiga;epi
archote;torche
grinalda;guirlande
fita;ruban
adiar;reporter
trocadilho;jeu de mots
arraial;fête foraine
arrepender-se;regretter
esmagar;écraser
papear;jacter
selva;jungle
patamar;palier
gargalhada;éclat de rire
ounvinte;auditeur
decorar;décorer, apprendre par coeur
j'ai couru;eu corri
desempenho;accomplissement
elle m'a vaincu;ela venceu-me
parceiro;partenaire
elle a voulu;ela quis
desagradável;désagréable
tu disseste;tu as dit
avassalador;asservisseur
esgotado;épuisé
arrepio;frisson
inabalável;inébranlable
temer;craindre
ofegante;essoufflé
moleza;molesse
eles dão;ils donnent
furto;vol, larcin
descarado;effronté
entretanto;entretemps
falência;faillite
pormenor;detail
birra, capricho;caprice
enganado;trompé, abusé
capacete;casque
mergulho;plongeon
impedir;empêcher
que tu corrijas;que tu corriges
palhaço;clown, pitre, bouffon
crioulo;créole
gravar;graver, enregistrer
afastarse;s'éloigner
esclarecer;éclaircir
enviesado;biaisé
abençoar;bénir
acolhimento;accueil
enganar;tromper, duper, abuser
mestrado;maîtrise
esquisito;bizarre
afiar;affûter
autoclismo;chasse d'eau
biscate;petit boulot
bem cedinho;de bonne heure, très tôt
um estreito;un détroit
caldeira;chaudière
enxofre;soufre
vingar;venger
deslumbrante;éblouissant
berma;accotement, bas-côté
mergulhar;plonger
remoto;reculé, éloigné
coagir;contraindre, obliger
pousada;auberge, maison d'hôtes
rola;tourterelle
carioca;café allongé
alcance;portée
falhar;échouer
aderir;adhérer
vigiar;surveiller
missa;messe
rumar;mettre le cap
beterraba;betterave
noz, nozes;noix
abacate;avocat, (fruit)
selvagem;sauvage
desembuchar;déboucher
aldeão;villageois
frasco;flacon
teia;toile, (araignée)
arrastar;traîner
envelhecimento;vieillissement
aveia;avoine
manjericão;basilique
rúcula;roquette
esperma;sperme
foguetão;fusée
dar à luz;accoucher
parir;mettre bas
por favor;s'il te plaît, s'il vous plaît
nada;rien
noite;nuit, soir, soirée
bem;bien
dia;journée, jour
garrafa;bouteille
bolo;gâteau
manteiga;beurre
queijo;fromage, du fromage
almoço;déjeuner
cenoura;carotte
molho;sauce
banana;banane
assar;rôtir, griller
brincar;jouer, plaisanter
desligar;éteindre, (l'électricité)
ligar;allumer, (l'électricité)
empurrar;pousser
estacionar;garer, se garer, stationner
eu não aguento mais;je n'en peux plus
explorar;exploiter
couro;cuir
tesoura;ciseaux
agradecer;remercier
treinador;entraineur
bombom;petit chocolat, praliné
menino;garçon
menina;fille
mulher;femme, nana, meuf (verlan)
homem;homme, mec
eles leem; ils lisent
nos somos;nous sommes
homens;hommes, des hommes
eles são;ils sont, ce sont, êtes
mulheres;les femmes, femmes, des femmes
eu bebo;je bois
leite;lait
como;comment
pão;pain
ele bebe;il boit
água;eau
carta;lettre, carte
meninas;filles, des filles
nos bebemos;nous buvons, avons bu
cerveja;bière
meninos;garçons, enfants, des garçons
eles bebem;ils boivent, buvez, boivent-elles
livro;livre, bouquin
ele come;il mange
nos lemos;nous lisons, avons lu, sommes en train de lire
eles gostam;ils aiment, aimez
boa;bonne, bon
tchau;au revoir, revoir, salut
ele gosta;il aime, tu aimes
eu gosto;j'aime, goût, aime
tarde;tard, après-midi, midi
sim;oui
obrigado;merci, cimer
querer;vouloir
ir;aller, partir, y aller
saber;savoir, connaître, en savoir
fazer;faire, rendre
beber;boire
comer;manger
eu sou;je suis
chover;pleuvoir
nadar;nager
outro;autre, un autre, une autre
ao invés, em vez de;au lieu de
arrumar;ranger
boneca;poupée
acampar;camper
jogar;jouer, (à un jeu)
confirmar;confirmer
dirigir;diriger, commander
conduzir;conduire
eu costumo;j'ai l'habitude
ferver;bouillir
girar, virar;tourner
merecer;mériter
ou seja;c'est à dire
pertencer;appartenir
ralado;râpé
ralar;râper
saltar,pular;sauter
secar;sécher
vencer, ganhar;vaincre, (un prix)
derrotar;vaincre, (un adversaire)
neblina, névoa;brume
nevoeiro;brouillard
assustador;effrayant
durar;durer
propósito;but, (intention)
fazer de propósito;faire exprès
texto;texte
focar;se concentrer
volta;tour, (mouvement)
alho;ail
cereja;cerise
melancia;pastèque
pepino;concombre
curgete;courgette
beringela;aubergine
alface;laitue
omeleta;omelette
ovo cozido;oeuf dur
por isso;du coup
ovo estrelado;oeuf au plat
marcador;marqueur, repère
classe;(avoir la), classe
droga;drogue
sesta;sieste
soneca;roupillon
pó;poudre, poussière
erva, grama;herbe
relva;pelouse
início, começo;début
corrida;course
nata, creme;crème
assinar;signer, s'abonner
fatia;tranche
mente;mental
construir;construire
gorro;bonnet
cachecol;écharpe
bom proveito, bom apetite;bon appétit
a cavalo dado, não se olha o dente;á cheval donné, on ne regarde pas les dents
mais vale um pássaro na mão do que dois a voar;un tien vaut mieux que deux tu l'auras
a galinha da vizinha é sempre melhor do que a minha;l'herbe est toujours plus verte dans le pré du voisin
grão a grão enche a galinha o papo;petit à petit l'oiseau fait son nid
devagar se vai ao longe;rien ne sert de courir, il faut partir à point
chave;clé, clef